{"IMG_0123_0": 0.09474799455123355, "IMG_0133_0": 0.07781703235403496, "IMG_0134_0": 0.18013307984790874, "IMG_0163_0": 0.0652246534157341, "IMG_0202_0": 0.10216765196301349, "IMG_0221_0": 0.03381455285340568, "IMG_0228_0": 0.15349022736338253, "IMG_0229_0": 0.15660452201507338, "IMG_0242_0": 0.03272146847565842, "IMG_0245_0": 0.09309090909090909, "IMG_0247_0": 0.0, "IMG_0252_0": 0.0998020158387329, "IMG_0263_0": 0.03301776073859635, "IMG_0268_0": 0.10222145088510934, "IMG_0274_0": 0.05567343639486713, "IMG_0279_0": 0.020676598076827264, "IMG_0292_0": 0.07644755821141562, "IMG_0299_0": 0.019330601092896176, "IMG_0305_0": 0.012616822429906542, "IMG_0310_0": 0.18067394778902504, "IMG_0353_0": 0.2199363403462464, "IMG_0375_0": 0.0, "IMG_0380_0": 0.1170875514517744, "IMG_0387_0": 0.06953369583127368, "IMG_0402_0": 0.03547000786877308, "IMG_0410_0": 0.0, "IMG_0444_0": 0.013727459702491989, "IMG_0457_0": 0.01832460732984293, "IMG_0472_0": 0.07267505113364377, "IMG_0474_0": 0.09691361782431362, "IMG_0479_0": 0.05070409443695682, "IMG_0496_0": 0.07177005252906805, "IMG_0515_0": 0.16532589065834838, "IMG_0546_0": 0.10413089586910414, "IMG_0556_0": 0.0732264844981608, "IMG_0574_0": 0.04946896120861021, "IMG_0613_0": 0.0003455425017277125, "IMG_0630_0": 0.14606965174129352, "IMG_0641_0": 0.047747051510365915, "IMG_0685_0": 0.0, "IMG_0687_0": 0.0009547450830628223, "IMG_0688_0": 0.02188577424673962, "IMG_0715_0": 0.048398510815051844, "IMG_0726_0": 0.05892997807157608, "IMG_0733_0": 0.2093753064626851, "IMG_0787_0": 0.0798825616245642, "IMG_0816_0": 0.025687066686617785, "IMG_0866_0": 0.00035912284245729806, "IMG_0869_0": 0.0569348538535028, "IMG_0873_0": 0.14085652856063688, "IMG_0895_0": 0.016279975379049582}