{
    "batch_size": 12,
    "epochs": 300,
    "learning_rate": 1e-05,
    "len_train_x": 355,
    "len_test_x": 52,
    "len_val_x": 101,
    "jaccard": 0.7175031247783159,
    "f1": 0.7969388927410157,
    "recall": 0.8006025410248002,
    "precision": 0.8162242250072592,
    "accuracy": 0.99877196091872,
    "iou": 0.7175031247783159,
    "balanced_accuracy": 0.9191914768479188,
    "H": 512,
    "W": 512,
    "model_name": "model3",
    "optimizer": "SDG"
}