{
    "batch_size": 4,
    "epochs": 50,
    "learning_rate": 0.001,
    "len_train_x": 355,
    "len_test_x": 52,
    "len_val_x": 101,
    "jaccard": 0.7079140361198344,
    "f1": 0.7874094765075982,
    "recall": 0.7893920480344073,
    "precision": 0.8024744435820936,
    "accuracy": 0.9987264146991804,
    "iou": 0.7079140361198344,
    "balanced_accuracy": 0.9041937829713556,
    "H": 512,
    "W": 512,
    "model_name": "model3"
}