{
    "batch_size": 4,
    "epochs": 50,
    "learning_rate": 0.0001,
    "len_train_x": 355,
    "len_test_x": 52,
    "len_val_x": 101,
    "jaccard": 0.6875557549350437,
    "f1": 0.7554871999314037,
    "recall": 0.7414251080914058,
    "precision": 0.7943298447756082,
    "accuracy": 0.9987772428072416,
    "iou": 0.6875557549350437,
    "balanced_accuracy": 0.8897086433355315,
    "H": 512,
    "W": 512,
    "model_name": "model"
}