{
    "batch_size": 4,
    "epochs": 10,
    "learning_rate": 0.0001,
    "len_train_x": 355,
    "len_test_x": 52,
    "len_val_x": 101,
    "jaccard": 0.6890890848912499,
    "f1": 0.7689399302751335,
    "recall": 0.7795333956347525,
    "precision": 0.7905747433539555,
    "accuracy": 0.9986090476696308,
    "iou": 0.6890890848912499,
    "balanced_accuracy": 0.9086122792826892,
    "H": 1024,
    "W": 1024,
    "model_name": "model3"
}