{
    "batch_size": 12,
    "epochs": 1,
    "learning_rate": 0.0001,
    "len_train_x": 355,
    "len_test_x": 52,
    "len_val_x": 101,
    "jaccard": 0.6382647072710406,
    "f1": 0.7459422135457202,
    "recall": 0.8558686652159446,
    "precision": 0.6724364452589582,
    "accuracy": 0.997915080949372,
    "iou": 0.6382647072710406,
    "balanced_accuracy": 0.9368717969071519,
    "H": 512,
    "W": 512,
    "model_name": "model3"
}