{
    "batch_size": 12,
    "epochs": 400,
    "learning_rate": 1e-05,
    "len_train_x": 355,
    "len_test_x": 52,
    "len_val_x": 101,
    "jaccard": 0.7211880258100704,
    "f1": 0.8016055164594162,
    "recall": 0.8003343000889495,
    "precision": 0.8196833997286723,
    "accuracy": 0.9987806907066932,
    "balanced_accuracy": 0.9190543347741198,
    "H": 512,
    "W": 512,
    "model_name": "model3",
    "early_stopping": false
}