{
    "batch_size": 16,
    "epochs": 20,
    "learning_rate": 0.0001,
    "len_train_x": 355,
    "len_test_x": 52,
    "len_val_x": 101,
    "jaccard": 0.658987459487782,
    "f1": 0.7518183109288414,
    "recall": 0.7945255283333663,
    "precision": 0.7333260928144708,
    "accuracy": 0.9982196196729067,
    "iou": 0.658987459487782,
    "balanced_accuracy": 0.9159476579780699,
    "H": 255,
    "W": 255,
    "model_name": "model2"
}