{
    "batch_size": 16,
    "epochs": 400,
    "learning_rate": 1e-05,
    "len_train_x": 355,
    "len_test_x": 52,
    "len_val_x": 101,
    "jaccard": 0.7119796285895023,
    "f1": 0.7914339680786756,
    "recall": 0.7875814803496174,
    "precision": 0.8194712124718475,
    "accuracy": 0.9987775362454928,
    "iou": 0.7119796285895023,
    "balanced_accuracy": 0.9126945520772138,
    "H": 512,
    "W": 512,
    "model_name": "model3"
}