{
    "batch_size": 4,
    "epochs": 1,
    "learning_rate": 0.0001,
    "len_train_x": 355,
    "len_test_x": 52,
    "len_val_x": 101,
    "jaccard": 0.6946508328694935,
    "f1": 0.8012500130224802,
    "recall": 0.8680837541818673,
    "precision": 0.8045108532318885,
    "accuracy": 0.9980117357694186,
    "iou": 0.6946508328694935
}