{
    "batch_size": 4,
    "epochs": 100,
    "learning_rate": 0.0001,
    "len_train_x": 355,
    "len_test_x": 52,
    "len_val_x": 101,
    "jaccard": 0.8030666732142575,
    "f1": 0.8799823488173083,
    "recall": 0.8591807369032073,
    "precision": 0.9312524568186267,
    "accuracy": 0.9988563244159405,
    "iou": 0.8030666732142575
}