{
    "batch_size": 4,
    "epochs": 50,
    "learning_rate": 0.001,
    "len_train_x": 355,
    "len_test_x": 52,
    "len_val_x": 101,
    "jaccard": 0.8064187915820326,
    "f1": 0.8847322873656218,
    "recall": 0.8853301455955531,
    "precision": 0.9073962772165655,
    "accuracy": 0.9988600657536433,
    "iou": 0.8064187915820326
}