{
    "batch_size": 32,
    "epochs": 50,
    "learning_rate": 0.0001,
    "len_train_x": 355,
    "len_test_x": 52,
    "len_val_x": 101,
    "jaccard": 0.7067993141923746,
    "f1": 0.7893187647698665,
    "recall": 0.79856395237875,
    "precision": 0.8076727348859098,
    "accuracy": 0.9987389465590156,
    "iou": 0.7067993141923746,
    "balanced_accuracy": 0.9181916315990217,
    "H": 255,
    "W": 255,
    "model_name": "model2"
}