{
    "batch_size": 2,
    "epochs": 20,
    "learning_rate": 0.0001,
    "len_train_x": 355,
    "len_test_x": 52,
    "len_val_x": 101,
    "jaccard": 0.7075981841934507,
    "f1": 0.7813780385318254,
    "recall": 0.7818822128278319,
    "precision": 0.7888956517752701,
    "accuracy": 0.9988010528494956,
    "iou": 0.7075981841934508,
    "balanced_accuracy": 0.9098687850627438,
    "H": 255,
    "W": 255,
    "model_name": "model2"
}