{
    "batch_size": 16,
    "epochs": 10,
    "learning_rate": 0.0001,
    "len_train_x": 355,
    "len_test_x": 52,
    "len_val_x": 101,
    "jaccard": 0.6413676122528515,
    "f1": 0.7446393250067801,
    "recall": 0.879534026155084,
    "precision": 0.6667329839738747,
    "accuracy": 0.9979796042809119,
    "iou": 0.6413676122528515,
    "balanced_accuracy": 0.958061886432509,
    "H": 512,
    "W": 512,
    "model_name": "model"
}