{
    "jaccard": 0.6737432454906064,
    "f1": 0.7675236099591746,
    "recall": 0.8039755876115714,
    "precision": 0.7662944715784129,
    "accuracy": 0.9982773707463191,
    "iou": 0.6737432454906064
}