{
    "batch_size": 4,
    "epochs": 50,
    "learning_rate": 0.0001,
    "len_train_x": 355,
    "len_test_x": 52,
    "len_val_x": 101,
    "jaccard": 0.8300026671751135,
    "f1": 0.901173828251662,
    "recall": 0.885715571353301,
    "precision": 0.9246523183347709,
    "accuracy": 0.9988112082848182,
    "iou": 0.8300026671751135
}