{
    "batch_size": 20,
    "epochs": 2,
    "learning_rate": 0.0001,
    "len_train_x": 355,
    "len_test_x": 52,
    "len_val_x": 101,
    "jaccard": 0.6246378613613861,
    "f1": 0.7286428514952311,
    "recall": 0.7958849803503274,
    "precision": 0.6927326198105962,
    "accuracy": 0.9980581433176591,
    "iou": 0.6246378613613861,
    "H": 255,
    "W": 255,
    "model_name": "model2"
}