{
    "batch_size": 16,
    "epochs": 50,
    "learning_rate": 0.0001,
    "len_train_x": 355,
    "len_test_x": 52,
    "len_val_x": 101,
    "jaccard": 0.715582021656683,
    "f1": 0.7935867901817312,
    "recall": 0.7939538538429406,
    "precision": 0.8222002782026068,
    "accuracy": 0.9988297400408128,
    "iou": 0.715582021656683,
    "H": 255,
    "W": 255,
    "model_name": "model2"
}