{
    "batch_size": 4,
    "epochs": 50,
    "learning_rate": 0.001,
    "len_train_x": 355,
    "len_test_x": 52,
    "len_val_x": 101,
<<<<<<< HEAD
    "jaccard": 0.7079140361198344,
    "f1": 0.7874094765075982,
    "recall": 0.7893920480344073,
    "precision": 0.8024744435820936,
    "accuracy": 0.9987264146991804,
    "iou": 0.7079140361198344,
    "balanced_accuracy": 0.9041937829713556,
    "H": 512,
    "W": 512,
    "model_name": "model3"
=======
    "jaccard": 0.8064187915820326,
    "f1": 0.8847322873656218,
    "recall": 0.8853301455955531,
    "precision": 0.9073962772165655,
    "accuracy": 0.9988600657536433,
    "iou": 0.8064187915820326
>>>>>>> 28a1e443fb0909de532e80e518bc826692441402
}