{
    "batch_size": 4,
    "epochs": 1,
    "learning_rate": 0.0001,
    "len_train_x": 355,
    "len_test_x": 52,
    "len_val_x": 101,
    "jaccard": 0.6447264165154909,
    "f1": 0.7457015596598586,
    "recall": 0.8286015479360832,
    "precision": 0.6977446619541003,
    "accuracy": 0.9981780418982873,
    "iou": 0.6447264165154909
}