{
    "batch_size": 12,
    "epochs": 50,
    "learning_rate": 1e-05,
    "len_train_x": 355,
    "len_test_x": 52,
    "len_val_x": 101,
    "jaccard": 0.7109554717174535,
    "f1": 0.7977496783985942,
    "recall": 0.8309884289535332,
    "precision": 0.799211424957502,
    "accuracy": 0.9986674969012921,
    "iou": 0.7109554717174535,
    "balanced_accuracy": 0.934226698564195,
    "H": 512,
    "W": 512,
    "model_name": "model3"
}