{
    "batch_size": 4,
    "epochs": 30,
    "learning_rate": 0.0001,
    "len_train_x": 355,
    "len_test_x": 52,
    "len_val_x": 101,
    "jaccard": 0.6994144475254959,
    "f1": 0.7937399019410241,
    "recall": 0.7554320178869006,
    "precision": 0.9032978069131861,
    "accuracy": 0.9979297197782077,
    "iou": 0.6994144475254959
}