{
    "jaccard": 0.5060248307520168,
    "f1": 0.6456298327145711,
    "recall": 0.5290471648170144,
    "precision": 0.8878215319281403,
    "accuracy": 0.9943265412983141,
    "iou": 0.5060248307520168
}