{
    "jaccard": 0.7027980227618386,
    "f1": 0.7998312316651685,
    "recall": 0.7549065878137362,
    "precision": 0.8845336018187863,
    "accuracy": 0.9972051319323088,
    "iou": 0.7027980227618386
}