{
    "jaccard": 0.786783115082657,
    "f1": 0.8657910604294731,
    "recall": 0.8601173590759587,
    "precision": 0.8894286019261625,
    "accuracy": 0.997913260208933,
    "iou": 0.786783115082657
}