{
    "batch_size": 16,
    "epochs": 10,
    "learning_rate": 0.0001,
    "len_train_x": 355,
    "len_test_x": 52,
    "len_val_x": 101,
    "jaccard": 0.37531646337270946,
    "f1": 0.5401602801620817,
    "recall": 0.55179257186334,
    "precision": 0.5709746275810073,
    "accuracy": 0.7777994428362165,
    "iou": 0.37531646337270946,
    "balanced_accuracy": 0.7089835988143292,
    "H": 512,
    "W": 512,
    "model_name": "model"
}