{
    "batch_size": 16,
    "epochs": 10,
    "learning_rate": 0.0001,
    "len_train_x": 355,
    "len_test_x": 52,
    "len_val_x": 101,
    "jaccard": 0.6538065275299663,
    "f1": 0.7603209882644678,
    "recall": 0.8618802753033804,
    "precision": 0.6993718974488745,
    "accuracy": 0.9980595158595665,
    "iou": 0.6538065275299663,
    "balanced_accuracy": 0.9399101172820253,
    "H": 512,
    "W": 512,
    "model_name": "model4"
}