{
    "batch_size": 12,
    "epochs": 50,
    "learning_rate": 0.0001,
    "len_train_x": 355,
    "len_test_x": 52,
    "len_val_x": 101,
    "jaccard": 0.7424300328871092,
    "f1": 0.8160748140940376,
    "recall": 0.8145365417083176,
    "precision": 0.8301178458418786,
    "accuracy": 0.9989181967342601,
    "iou": 0.7424300328871092,
    "balanced_accuracy": 0.9168149688491529,
    "H": 512,
    "W": 512,
    "model_name": "model3"
}