{
    "batch_size": 8,
    "epochs": 10,
    "learning_rate": 0.0001,
    "len_train_x": 355,
    "len_test_x": 52,
    "len_val_x": 101,
    "jaccard": 0.7048607206640765,
    "f1": 0.7836264483450742,
    "recall": 0.7815315617689529,
    "precision": 0.8012525110937941,
    "accuracy": 0.9987895441990272,
    "iou": 0.7048607206640765,
    "balanced_accuracy": 0.9003044614685564,
    "H": 512,
    "W": 512,
    "model_name": "model3"
}