{
    "batch_size": 8,
    "epochs": 10,
    "learning_rate": 0.001,
    "len_train_x": 355,
    "len_test_x": 52,
    "len_val_x": 101,
    "jaccard": 0.6916468991397664,
    "f1": 0.7748248206941115,
    "recall": 0.7733415868200852,
    "precision": 0.7953515391983906,
    "accuracy": 0.9986390506519991,
    "iou": 0.6916468991397664,
    "balanced_accuracy": 0.8962014822668709,
    "H": 512,
    "W": 512,
    "model_name": "model3"
}